<?xml version="1.0" encoding="UTF-8"?>
<!DOCTYPE hibernate-configuration PUBLIC
	"-//Hibernate/Hibernate Configuration DTD 3.0//EN"
	"http://www.hibernate.org/dtd/hibernate-configuration-3.0.dtd">

    <hibernate-configuration>
    
          <session-factory>
    
              <property name="connection.driver_class" > com.microsoft.sqlserver.jdbc.SQLServerDriver</property>
              <property name="connection.url">jdbc:sqlserver://AKASH\\SQLSERVER:1533;databaseName=MyDatabase;encrypt=true;trustServerCertificate=true</property>
              <property name="connection.username">sa</property>
              <property name="connection.password">Akash@Sql</property>
              <property name="dialect">org.hibernate.dialect.SQLServer2005Dialect</property>
              <property name="hbm2ddl.auto">update</property>
              <property name="show_sql">true</property>
              <mapping class="noteTaker.entityClass" />
             
                     </session-factory>
    
             
    
    </hibernate-configuration>