<?xml version="1.0" encoding="UTF-8"?>
<beans xmlns="http://www.springframework.org/schema/beans"
 xmlns:xsi="http://www.w3.org/2001/XMLSchema-instance"
 xmlns:p="http://www.springframework.org/schema/p"
 xmlns:mvc="http://www.springframework.org/schema/mvc"
 xmlns:context="http://www.springframework.org/schema/context"
 xmlns:tx="http://www.springframework.org/schema/tx"
 xsi:schemaLocation="http://www.springframework.org/schema/beans
 https://www.springframework.org/schema/beans/spring-beans.xsd
http://www.springframework.org/schema/context
https://www.springframework.org/schema/context/spring-context.xsd
http://www.springframework.org/schema/mvc
 https://www.springframework.org/schema/mvc/spring-mvc.xsd
 http://www.springframework.org/schema/tx
 https://www.springframework.org/schema/tx/spring-tx.xsd">



<mvc:annotation-driven />
<tx:annotation-driven />
<context:annotation-config/>
      <context:component-scan base-package="org.fungame" />
  
  
  
 <bean class="org.springframework.web.servlet.view.InternalResourceViewResolver" name="viewResolver" >
    
       <property name="suffix" value=".jsp" />
       <property name="prefix" value="/WEB-INF/gameView/" />
    
    </bean>
        <!--DATA SOURCE CONFIGURATION-->

<bean class="org.springframework.jdbc.datasource.DriverManagerDataSource" name="ds" >

<property name="driverClassName" value="com.microsoft.sqlserver.jdbc.SQLServerDriver"/>
<property name="url" value="jdbc:sqlserver://AKASH\\SQLSERVER:1533;databaseName=FunGame;encrypt=true;trustServerCertificate=true" />
    <property name="username" value="sa" />
     <property name="password" value="Akash@Sql" />

</bean>

     <!--LOCAL SESSION FACTORY BEAN-->

<bean class="org.springframework.orm.hibernate5.LocalSessionFactoryBean" name="factory">
<!--dataSource-->
<property name="dataSource" ref="ds" />
<!--hibernate properties-->
<property name="hibernateProperties">
<props>
<prop key="hibernate.dialect">org.hibernate.dialect.SQLServer2008Dialect</prop>
<prop key="hibernate.show_sql">true</prop>
<prop key="hibernate.hbm2ddl.auto">update</prop>

</props>


</property>
<!--annotation classes-->
<property name="annotatedClasses">

<list>

<value>org.fungame.Model.signupModel</value>
<value>org.fungame.Model.homeModel</value>
<value>org.fungame.Model.TaskAssign</value>
</list>

</property>

</bean>


       <!--HIBERNATE TEMPLATE -->


<bean class="org.springframework.orm.hibernate5.HibernateTemplate" name="hibernateTemplate">

<property name="sessionFactory" ref="factory"/>


</bean>

     <!--TRANSACTION MANAGEMENT CONFIGURATION FOR READ AND WRITE OPERATION IN DATABASE-->
<bean class="org.springframework.orm.hibernate5.HibernateTransactionManager" name="transactionManager">
<property name="sessionFactory" ref="factory"/>

</bean>

</beans>